Date,Interval,Entry,CE Strike,PE Strike,Result,CE Exit,PE Exit,CE Exit Time,PE Exit Time
"23/4/2026","08 PM → 11 PM","78997.00","79497.00","78497.00","SAFE","-","-","-","-"
"23/4/2026","11 PM → 02 AM","78872.50","79372.50","78372.50","PE HIT","-","78372.50","-","23/4/2026, 7:00:00 am"
"23/4/2026","02 AM → 05 AM","78395.50","78895.50","77895.50","SAFE","-","-","-","-"
"23/4/2026","05 AM → 08 AM","78141.00","78641.00","77641.00","PE HIT","-","77641.00","-","23/4/2026, 11:00:00 am"
"23/4/2026","08 AM → 11 AM","77897.50","78397.50","77397.50","SAFE","-","-","-","-"
"23/4/2026","11 AM → 02 PM","77993.00","78493.00","77493.00","SAFE","-","-","-","-"
"23/4/2026","02 PM → 05 PM","77823.00","78323.00","77323.00","PE HIT","-","77323.00","-","23/4/2026, 9:00:00 pm"
"23/4/2026","05 PM → 08 PM","77650.00","78150.00","77150.00","CE HIT","78150.00","-","24/4/2026, 1:00:00 am","-"
"24/4/2026","08 PM → 11 PM","78133.00","78633.00","77633.00","PE HIT","-","77633.00","-","24/4/2026, 4:00:00 am"
"24/4/2026","11 PM → 02 AM","77715.00","78215.00","77215.00","SAFE","-","-","-","-"
"24/4/2026","02 AM → 05 AM","77847.00","78347.00","77347.00","SAFE","-","-","-","-"
"24/4/2026","05 AM → 08 AM","78225.00","78725.00","77725.00","SAFE","-","-","-","-"
"24/4/2026","08 AM → 11 AM","78089.00","78589.00","77589.00","PE HIT","-","77589.00","-","24/4/2026, 2:00:00 pm"
"24/4/2026","11 AM → 02 PM","77911.50","78411.50","77411.50","SAFE","-","-","-","-"
"24/4/2026","02 PM → 05 PM","77744.50","78244.50","77244.50","CE HIT","78244.50","-","24/4/2026, 10:00:00 pm","-"
"24/4/2026","05 PM → 08 PM","78200.00","78700.00","77700.00","PE HIT","-","77700.00","-","25/4/2026, 1:00:00 am"
"25/4/2026","08 PM → 11 PM","77994.00","78494.00","77494.00","PE HIT","-","77494.00","-","25/4/2026, 4:00:00 am"
"25/4/2026","11 PM → 02 AM","77647.50","78147.50","77147.50","SAFE","-","-","-","-"
"25/4/2026","02 AM → 05 AM","77688.50","78188.50","77188.50","SAFE","-","-","-","-"
"25/4/2026","05 AM → 08 AM","77394.00","77894.00","76894.00","SAFE","-","-","-","-"
"25/4/2026","08 AM → 11 AM","77568.00","78068.00","77068.00","SAFE","-","-","-","-"
"25/4/2026","11 AM → 02 PM","77476.00","77976.00","76976.00","SAFE","-","-","-","-"
"25/4/2026","02 PM → 05 PM","77603.50","78103.50","77103.50","SAFE","-","-","-","-"
"25/4/2026","05 PM → 08 PM","77639.00","78139.00","77139.00","SAFE","-","-","-","-"
"26/4/2026","08 PM → 11 PM","77618.00","78118.00","77118.00","PE HIT","-","77118.00","-","26/4/2026, 3:00:00 am"
"26/4/2026","11 PM → 02 AM","77213.00","77713.00","76713.00","SAFE","-","-","-","-"
"26/4/2026","02 AM → 05 AM","77439.50","77939.50","76939.50","SAFE","-","-","-","-"
"26/4/2026","05 AM → 08 AM","77587.00","78087.00","77087.00","SAFE","-","-","-","-"
"26/4/2026","08 AM → 11 AM","77470.50","77970.50","76970.50","CE HIT","77970.50","-","26/4/2026, 4:00:00 pm","-"
"26/4/2026","11 AM → 02 PM","77949.00","78449.00","77449.00","SAFE","-","-","-","-"
"26/4/2026","02 PM → 05 PM","77989.00","78489.00","77489.00","SAFE","-","-","-","-"
"26/4/2026","05 PM → 08 PM","78050.50","78550.50","77550.50","SAFE","-","-","-","-"
"27/4/2026","08 PM → 11 PM","78053.00","78553.00","77553.00","SAFE","-","-","-","-"
"27/4/2026","11 PM → 02 AM","77985.00","78485.00","77485.00","SAFE","-","-","-","-"
"27/4/2026","02 AM → 05 AM","78158.00","78658.00","77658.00","CE HIT","78658.00","-","27/4/2026, 8:00:00 am","-"
"27/4/2026","05 AM → 08 AM","78625.00","79125.00","78125.00","CE HIT","79125.00","-","27/4/2026, 11:00:00 am","-"
"27/4/2026","08 AM → 11 AM","79068.50","79568.50","78568.50","PE HIT","-","78568.50","-","27/4/2026, 4:00:00 pm"
"27/4/2026","11 AM → 02 PM","77730.00","78230.00","77230.00","SAFE","-","-","-","-"
"27/4/2026","02 PM → 05 PM","77759.50","78259.50","77259.50","SAFE","-","-","-","-"
"27/4/2026","05 PM → 08 PM","77804.50","78304.50","77304.50","SAFE","-","-","-","-"
"28/4/2026","08 PM → 11 PM","77776.00","78276.00","77276.00","PE HIT","-","77276.00","-","28/4/2026, 2:00:00 am"
"28/4/2026","11 PM → 02 AM","76700.00","77200.00","76200.00","SAFE","-","-","-","-"
"28/4/2026","02 AM → 05 AM","76900.00","77400.00","76400.00","CE HIT","77400.00","-","28/4/2026, 10:00:00 am","-"
"28/4/2026","05 AM → 08 AM","77331.00","77831.00","76831.00","PE HIT","-","76831.00","-","28/4/2026, 1:00:00 pm"
"28/4/2026","08 AM → 11 AM","76844.50","77344.50","76344.50","SAFE","-","-","-","-"
"28/4/2026","11 AM → 02 PM","76848.50","77348.50","76348.50","SAFE","-","-","-","-"
"28/4/2026","02 PM → 05 PM","76820.50","77320.50","76320.50","PE HIT","-","76320.50","-","28/4/2026, 10:00:00 pm"
"28/4/2026","05 PM → 08 PM","76198.50","76698.50","75698.50","PE HIT","-","75698.50","-","29/4/2026, 1:00:00 am"
"29/4/2026","08 PM → 11 PM","75919.50","76419.50","75419.50","SAFE","-","-","-","-"
"29/4/2026","11 PM → 02 AM","76154.50","76654.50","75654.50","SAFE","-","-","-","-"
"29/4/2026","02 AM → 05 AM","76420.50","76920.50","75920.50","SAFE","-","-","-","-"
"29/4/2026","05 AM → 08 AM","76291.00","76791.00","75791.00","SAFE","-","-","-","-"
"29/4/2026","08 AM → 11 AM","76490.50","76990.50","75990.50","CE HIT","76990.50","-","29/4/2026, 2:00:00 pm","-"
"29/4/2026","11 AM → 02 PM","77239.50","77739.50","76739.50","SAFE","-","-","-","-"
"29/4/2026","02 PM → 05 PM","76998.50","77498.50","76498.50","CE HIT","77498.50","-","29/4/2026, 8:00:00 pm","-"
"29/4/2026","05 PM → 08 PM","77551.50","78051.50","77051.50","PE HIT","-","77051.50","-","29/4/2026, 11:00:00 pm"
"30/4/2026","08 PM → 11 PM","76540.50","77040.50","76040.50","PE HIT","-","76040.50","-","30/4/2026, 2:00:00 am"
"30/4/2026","11 PM → 02 AM","76147.50","76647.50","75647.50","PE HIT","-","75647.50","-","30/4/2026, 5:00:00 am"
"30/4/2026","02 AM → 05 AM","75636.50","76136.50","75136.50","SAFE","-","-","-","-"
"30/4/2026","05 AM → 08 AM","75750.00","76250.00","75250.00","CE HIT","76250.00","-","30/4/2026, 11:00:00 am","-"
"30/4/2026","08 AM → 11 AM","75655.50","76155.50","75155.50","SAFE","-","-","-","-"
"30/4/2026","11 AM → 02 PM","75566.50","76066.50","75066.50","CE HIT","76066.50","-","30/4/2026, 6:00:00 pm","-"
"30/4/2026","02 PM → 05 PM","76025.50","76525.50","75525.50","SAFE","-","-","-","-"
"30/4/2026","05 PM → 08 PM","76022.50","76522.50","75522.50","CE HIT","76522.50","-","1/5/2026, 12:00:00 am","-"
"1/5/2026","08 PM → 11 PM","76256.00","76756.00","75756.00","SAFE","-","-","-","-"
"1/5/2026","11 PM → 02 AM","76206.50","76706.50","75706.50","SAFE","-","-","-","-"
"1/5/2026","02 AM → 05 AM","76443.00","76943.00","75943.00","SAFE","-","-","-","-"
"1/5/2026","05 AM → 08 AM","76284.50","76784.50","75784.50","SAFE","-","-","-","-"
"1/5/2026","08 AM → 11 AM","76550.00","77050.00","76050.00","CE HIT","77050.00","-","1/5/2026, 2:00:00 pm","-"
"1/5/2026","11 AM → 02 PM","77135.50","77635.50","76635.50","SAFE","-","-","-","-"
"1/5/2026","02 PM → 05 PM","77340.00","77840.00","76840.00","SAFE","-","-","-","-"
"1/5/2026","05 PM → 08 PM","77432.00","77932.00","76932.00","CE HIT","77932.00","-","1/5/2026, 11:00:00 pm","-"
"2/5/2026","08 PM → 11 PM","78305.50","78805.50","77805.50","SAFE","-","-","-","-"
"2/5/2026","11 PM → 02 AM","78509.50","79009.50","78009.50","PE HIT","-","78009.50","-","2/5/2026, 7:00:00 am"
"2/5/2026","02 AM → 05 AM","77837.00","78337.00","77337.00","CE HIT","78337.00","-","2/5/2026, 9:00:00 am","-"
"2/5/2026","05 AM → 08 AM","78191.50","78691.50","77691.50","SAFE","-","-","-","-"
"2/5/2026","08 AM → 11 AM","78319.50","78819.50","77819.50","SAFE","-","-","-","-"
"2/5/2026","11 AM → 02 PM","78140.50","78640.50","77640.50","SAFE","-","-","-","-"
"2/5/2026","02 PM → 05 PM","78275.50","78775.50","77775.50","SAFE","-","-","-","-"
"2/5/2026","05 PM → 08 PM","78106.00","78606.00","77606.00","SAFE","-","-","-","-"
"3/5/2026","08 PM → 11 PM","78380.50","78880.50","77880.50","SAFE","-","-","-","-"
"3/5/2026","11 PM → 02 AM","78362.50","78862.50","77862.50","SAFE","-","-","-","-"
"3/5/2026","02 AM → 05 AM","78420.00","78920.00","77920.00","CE HIT","78920.00","-","3/5/2026, 8:00:00 am","-"
"3/5/2026","05 AM → 08 AM","78653.00","79153.00","78153.00","PE HIT","-","78153.00","-","3/5/2026, 12:00:00 pm"
"3/5/2026","08 AM → 11 AM","78130.00","78630.00","77630.00","SAFE","-","-","-","-"
"3/5/2026","11 AM → 02 PM","78208.50","78708.50","77708.50","SAFE","-","-","-","-"
"3/5/2026","02 PM → 05 PM","78343.50","78843.50","77843.50","SAFE","-","-","-","-"
"3/5/2026","05 PM → 08 PM","78621.50","79121.50","78121.50","SAFE","-","-","-","-"
"4/5/2026","08 PM → 11 PM","78700.50","79200.50","78200.50","SAFE","-","-","-","-"
"4/5/2026","11 PM → 02 AM","78694.00","79194.00","78194.00","CE HIT","79194.00","-","4/5/2026, 7:00:00 am","-"
"4/5/2026","02 AM → 05 AM","78889.00","79389.00","78389.00","CE HIT","79389.00","-","4/5/2026, 9:00:00 am","-"
"4/5/2026","05 AM → 08 AM","78528.00","79028.00","78028.00","CE HIT","79028.00","-","4/5/2026, 12:00:00 pm","-"
"4/5/2026","08 AM → 11 AM","80136.50","80636.50","79636.50","SAFE","-","-","-","-"
"4/5/2026","11 AM → 02 PM","79980.00","80480.00","79480.00","PE HIT","-","79480.00","-","4/5/2026, 5:00:00 pm"
"4/5/2026","02 PM → 05 PM","79666.50","80166.50","79166.50","PE HIT","-","79166.50","-","4/5/2026, 9:00:00 pm"
"4/5/2026","05 PM → 08 PM","78753.50","79253.50","78253.50","CE HIT","79253.50","-","5/5/2026, 1:00:00 am","-"
"5/5/2026","08 PM → 11 PM","80177.00","80677.00","79677.00","BOTH HIT","80677.00","79677.00","5/5/2026, 4:00:00 am","5/5/2026, 2:00:00 am"
"5/5/2026","11 PM → 02 AM","80339.50","80839.50","79839.50","SAFE","-","-","-","-"
"5/5/2026","02 AM → 05 AM","79900.00","80400.00","79400.00","SAFE","-","-","-","-"
"5/5/2026","05 AM → 08 AM","79826.50","80326.50","79326.50","CE HIT","80326.50","-","5/5/2026, 12:00:00 pm","-"
"5/5/2026","08 AM → 11 AM","80514.00","81014.00","80014.00","CE HIT","81014.00","-","5/5/2026, 2:00:00 pm","-"
"5/5/2026","11 AM → 02 PM","80924.50","81424.50","80424.50","SAFE","-","-","-","-"
"5/5/2026","02 PM → 05 PM","80775.50","81275.50","80275.50","SAFE","-","-","-","-"
"5/5/2026","05 PM → 08 PM","80973.00","81473.00","80473.00","CE HIT","81473.00","-","6/5/2026, 12:00:00 am","-"
"6/5/2026","08 PM → 11 PM","81276.50","81776.50","80776.50","SAFE","-","-","-","-"
"6/5/2026","11 PM → 02 AM","81225.50","81725.50","80725.50","CE HIT","81725.50","-","6/5/2026, 7:00:00 am","-"
"6/5/2026","02 AM → 05 AM","81607.00","82107.00","81107.00","PE HIT","-","81107.00","-","6/5/2026, 9:00:00 am"
"6/5/2026","05 AM → 08 AM","80848.50","81348.50","80348.50","CE HIT","81348.50","-","6/5/2026, 12:00:00 pm","-"
"6/5/2026","08 AM → 11 AM","81319.50","81819.50","80819.50","SAFE","-","-","-","-"
"6/5/2026","11 AM → 02 PM","81262.50","81762.50","80762.50","CE HIT","81762.50","-","6/5/2026, 7:00:00 pm","-"
"6/5/2026","02 PM → 05 PM","81904.00","82404.00","81404.00","CE HIT","82404.00","-","6/5/2026, 10:00:00 pm","-"
"6/5/2026","05 PM → 08 PM","82485.00","82985.00","81985.00","PE HIT","-","81985.00","-","7/5/2026, 12:00:00 am"
"7/5/2026","08 PM → 11 PM","81473.00","81973.00","80973.00","SAFE","-","-","-","-"
"7/5/2026","11 PM → 02 AM","81408.50","81908.50","80908.50","SAFE","-","-","-","-"
"7/5/2026","02 AM → 05 AM","81379.00","81879.00","80879.00","SAFE","-","-","-","-"
"7/5/2026","05 AM → 08 AM","81385.00","81885.00","80885.00","PE HIT","-","80885.00","-","7/5/2026, 12:00:00 pm"
"7/5/2026","08 AM → 11 AM","81076.50","81576.50","80576.50","SAFE","-","-","-","-"
"7/5/2026","11 AM → 02 PM","81047.50","81547.50","80547.50","CE HIT","81547.50","-","7/5/2026, 6:00:00 pm","-"
"7/5/2026","02 PM → 05 PM","81196.00","81696.00","80696.00","PE HIT","-","80696.00","-","7/5/2026, 9:00:00 pm"
"7/5/2026","05 PM → 08 PM","80822.00","81322.00","80322.00","PE HIT","-","80322.00","-","8/5/2026, 12:00:00 am"
"8/5/2026","08 PM → 11 PM","80136.50","80636.50","79636.50","PE HIT","-","79636.50","-","8/5/2026, 4:00:00 am"
"8/5/2026","11 PM → 02 AM","80054.50","80554.50","79554.50","SAFE","-","-","-","-"
"8/5/2026","02 AM → 05 AM","79844.50","80344.50","79344.50","SAFE","-","-","-","-"
"8/5/2026","05 AM → 08 AM","79976.00","80476.00","79476.00","PE HIT","-","79476.00","-","8/5/2026, 1:00:00 pm"
"8/5/2026","08 AM → 11 AM","79440.50","79940.50","78940.50","SAFE","-","-","-","-"
"8/5/2026","11 AM → 02 PM","79560.50","80060.50","79060.50","SAFE","-","-","-","-"
"8/5/2026","02 PM → 05 PM","79849.50","80349.50","79349.50","SAFE","-","-","-","-"
"8/5/2026","05 PM → 08 PM","80183.00","80683.00","79683.00","PE HIT","-","79683.00","-","9/5/2026, 12:00:00 am"
"9/5/2026","08 PM → 11 PM","80114.50","80614.50","79614.50","PE HIT","-","79614.50","-","9/5/2026, 2:00:00 am"
"9/5/2026","11 PM → 02 AM","80028.50","80528.50","79528.50","SAFE","-","-","-","-"
"9/5/2026","02 AM → 05 AM","80106.00","80606.00","79606.00","SAFE","-","-","-","-"
"9/5/2026","05 AM → 08 AM","80156.50","80656.50","79656.50","SAFE","-","-","-","-"
"9/5/2026","08 AM → 11 AM","80380.00","80880.00","79880.00","SAFE","-","-","-","-"
"9/5/2026","11 AM → 02 PM","80331.50","80831.50","79831.50","SAFE","-","-","-","-"
"9/5/2026","02 PM → 05 PM","80378.50","80878.50","79878.50","SAFE","-","-","-","-"
"9/5/2026","05 PM → 08 PM","80310.00","80810.00","79810.00","SAFE","-","-","-","-"
"10/5/2026","08 PM → 11 PM","80292.00","80792.00","79792.00","CE HIT","80792.00","-","10/5/2026, 4:00:00 am","-"
"10/5/2026","11 PM → 02 AM","80767.00","81267.00","80267.00","SAFE","-","-","-","-"
"10/5/2026","02 AM → 05 AM","80781.50","81281.50","80281.50","SAFE","-","-","-","-"
"10/5/2026","05 AM → 08 AM","80634.00","81134.00","80134.00","SAFE","-","-","-","-"
"10/5/2026","08 AM → 11 AM","80749.00","81249.00","80249.00","SAFE","-","-","-","-"
"10/5/2026","11 AM → 02 PM","80662.00","81162.00","80162.00","SAFE","-","-","-","-"
"10/5/2026","02 PM → 05 PM","80798.50","81298.50","80298.50","SAFE","-","-","-","-"
"10/5/2026","05 PM → 08 PM","80783.00","81283.00","80283.00","SAFE","-","-","-","-"
"11/5/2026","08 PM → 11 PM","80947.50","81447.50","80447.50","CE HIT","81447.50","-","11/5/2026, 3:00:00 am","-"
"11/5/2026","11 PM → 02 AM","81445.00","81945.00","80945.00","PE HIT","-","80945.00","-","11/5/2026, 7:00:00 am"
"11/5/2026","02 AM → 05 AM","80689.50","81189.50","80189.50","CE HIT","81189.50","-","11/5/2026, 9:00:00 am","-"
"11/5/2026","05 AM → 08 AM","82179.00","82679.00","81679.00","PE HIT","-","81679.00","-","11/5/2026, 11:00:00 am"
"11/5/2026","08 AM → 11 AM","81138.00","81638.00","80638.00","PE HIT","-","80638.00","-","11/5/2026, 2:00:00 pm"
"11/5/2026","11 AM → 02 PM","80800.00","81300.00","80300.00","SAFE","-","-","-","-"
"11/5/2026","02 PM → 05 PM","80717.00","81217.00","80217.00","SAFE","-","-","-","-"
"11/5/2026","05 PM → 08 PM","81168.50","81668.50","80668.50","PE HIT","-","80668.50","-","12/5/2026, 1:00:00 am"
"12/5/2026","08 PM → 11 PM","80917.50","81417.50","80417.50","CE HIT","81417.50","-","12/5/2026, 2:00:00 am","-"
"12/5/2026","11 PM → 02 AM","81895.50","82395.50","81395.50","SAFE","-","-","-","-"
"12/5/2026","02 AM → 05 AM","81779.00","82279.00","81279.00","SAFE","-","-","-","-"
"12/5/2026","05 AM → 08 AM","81700.00","82200.00","81200.00","PE HIT","-","81200.00","-","12/5/2026, 12:00:00 pm"
"12/5/2026","08 AM → 11 AM","81211.00","81711.00","80711.00","SAFE","-","-","-","-"
"12/5/2026","11 AM → 02 PM","81188.00","81688.00","80688.00","SAFE","-","-","-","-"
"12/5/2026","02 PM → 05 PM","80797.00","81297.00","80297.00","SAFE","-","-","-","-"
"12/5/2026","05 PM → 08 PM","80744.00","81244.00","80244.00","SAFE","-","-","-","-"
"13/5/2026","08 PM → 11 PM","80507.00","81007.00","80007.00","PE HIT","-","80007.00","-","13/5/2026, 3:00:00 am"
"13/5/2026","11 PM → 02 AM","80494.00","80994.00","79994.00","SAFE","-","-","-","-"
"13/5/2026","02 AM → 05 AM","80657.00","81157.00","80157.00","SAFE","-","-","-","-"
"13/5/2026","05 AM → 08 AM","80461.00","80961.00","79961.00","CE HIT","80961.00","-","13/5/2026, 12:00:00 pm","-"
"13/5/2026","08 AM → 11 AM","81004.00","81504.00","80504.00","SAFE","-","-","-","-"
"13/5/2026","11 AM → 02 PM","80987.00","81487.00","80487.00","SAFE","-","-","-","-"
"13/5/2026","02 PM → 05 PM","81162.00","81662.00","80662.00","PE HIT","-","80662.00","-","13/5/2026, 10:00:00 pm"
"13/5/2026","05 PM → 08 PM","80461.50","80961.50","79961.50","PE HIT","-","79961.50","-","13/5/2026, 11:00:00 pm"
"14/5/2026","08 PM → 11 PM","79727.50","80227.50","79227.50","PE HIT","-","79227.50","-","14/5/2026, 2:00:00 am"
"14/5/2026","11 PM → 02 AM","79472.00","79972.00","78972.00","SAFE","-","-","-","-"
"14/5/2026","02 AM → 05 AM","79675.00","80175.00","79175.00","SAFE","-","-","-","-"
"14/5/2026","05 AM → 08 AM","79288.50","79788.50","78788.50","SAFE","-","-","-","-"
"14/5/2026","08 AM → 11 AM","79330.00","79830.00","78830.00","CE HIT","79830.00","-","14/5/2026, 4:00:00 pm","-"
"14/5/2026","11 AM → 02 PM","79773.00","80273.00","79273.00","SAFE","-","-","-","-"
"14/5/2026","02 PM → 05 PM","79786.00","80286.00","79286.00","PE HIT","-","79286.00","-","14/5/2026, 10:00:00 pm"
"14/5/2026","05 PM → 08 PM","79216.00","79716.00","78716.00","CE HIT","79716.00","-","14/5/2026, 11:00:00 pm","-"
"15/5/2026","08 PM → 11 PM","80930.00","81430.00","80430.00","CE HIT","81430.00","-","15/5/2026, 3:00:00 am","-"
"15/5/2026","11 PM → 02 AM","81609.00","82109.00","81109.00","SAFE","-","-","-","-"
"15/5/2026","02 AM → 05 AM","81377.50","81877.50","80877.50","SAFE","-","-","-","-"
"15/5/2026","05 AM → 08 AM","81050.00","81550.00","80550.00","CE HIT","81550.00","-","15/5/2026, 11:00:00 am","-"
"15/5/2026","08 AM → 11 AM","81263.00","81763.00","80763.00","PE HIT","-","80763.00","-","15/5/2026, 3:00:00 pm"
"15/5/2026","11 AM → 02 PM","80321.50","80821.50","79821.50","CE HIT","80821.50","-","15/5/2026, 6:00:00 pm","-"
"15/5/2026","02 PM → 05 PM","80608.00","81108.00","80108.00","SAFE","-","-","-","-"
"15/5/2026","05 PM → 08 PM","80582.50","81082.50","80082.50","PE HIT","-","80082.50","-","16/5/2026, 12:00:00 am"
"16/5/2026","08 PM → 11 PM","79121.00","79621.00","78621.00","SAFE","-","-","-","-"
"16/5/2026","11 PM → 02 AM","79432.50","79932.50","78932.50","SAFE","-","-","-","-"
"16/5/2026","02 AM → 05 AM","79081.50","79581.50","78581.50","SAFE","-","-","-","-"
"16/5/2026","05 AM → 08 AM","79072.50","79572.50","78572.50","SAFE","-","-","-","-"
"16/5/2026","08 AM → 11 AM","79115.00","79615.00","78615.00","SAFE","-","-","-","-"
"16/5/2026","11 AM → 02 PM","78990.00","79490.00","78490.00","PE HIT","-","78490.00","-","16/5/2026, 5:00:00 pm"
"16/5/2026","02 PM → 05 PM","78391.00","78891.00","77891.00","PE HIT","-","77891.00","-","16/5/2026, 8:00:00 pm"
"16/5/2026","05 PM → 08 PM","78043.00","78543.00","77543.00","SAFE","-","-","-","-"
"17/5/2026","08 PM → 11 PM","78090.50","78590.50","77590.50","SAFE","-","-","-","-"
"17/5/2026","11 PM → 02 AM","78159.50","78659.50","77659.50","SAFE","-","-","-","-"
"17/5/2026","02 AM → 05 AM","78200.00","78700.00","77700.00","SAFE","-","-","-","-"
"17/5/2026","05 AM → 08 AM","78105.00","78605.00","77605.00","SAFE","-","-","-","-"
"17/5/2026","08 AM → 11 AM","77850.00","78350.00","77350.00","SAFE","-","-","-","-"
"17/5/2026","11 AM → 02 PM","78089.00","78589.00","77589.00","SAFE","-","-","-","-"
"17/5/2026","02 PM → 05 PM","78052.00","78552.00","77552.00","CE HIT","78552.00","-","17/5/2026, 9:00:00 pm","-"
"17/5/2026","05 PM → 08 PM","78371.50","78871.50","77871.50","PE HIT","-","77871.50","-","18/5/2026, 1:00:00 am"
"18/5/2026","08 PM → 11 PM","78009.00","78509.00","77509.00","SAFE","-","-","-","-"
"18/5/2026","11 PM → 02 AM","78045.00","78545.00","77545.00","SAFE","-","-","-","-"
"18/5/2026","02 AM → 05 AM","78230.50","78730.50","77730.50","PE HIT","-","77730.50","-","18/5/2026, 10:00:00 am"
"18/5/2026","05 AM → 08 AM","77430.50","77930.50","76930.50","PE HIT","-","76930.50","-","18/5/2026, 11:00:00 am"
"18/5/2026","08 AM → 11 AM","76813.00","77313.00","76313.00","SAFE","-","-","-","-"
"18/5/2026","11 AM → 02 PM","76875.00","77375.00","76375.00","SAFE","-","-","-","-"
"18/5/2026","02 PM → 05 PM","77002.50","77502.50","76502.50","SAFE","-","-","-","-"
"18/5/2026","05 PM → 08 PM","77256.50","77756.50","76756.50","BOTH HIT","77756.50","76756.50","18/5/2026, 11:00:00 pm","19/5/2026, 12:00:00 am"
"19/5/2026","08 PM → 11 PM","76375.00","76875.00","75875.00","SAFE","-","-","-","-"
"19/5/2026","11 PM → 02 AM","76671.50","77171.50","76171.50","PE HIT","-","76171.50","-","19/5/2026, 5:00:00 am"
"19/5/2026","02 AM → 05 AM","76872.50","77372.50","76372.50","SAFE","-","-","-","-"
"19/5/2026","05 AM → 08 AM","76970.00","77470.00","76470.00","PE HIT","-","76470.00","-","19/5/2026, 1:00:00 pm"
"19/5/2026","08 AM → 11 AM","76584.50","77084.50","76084.50","SAFE","-","-","-","-"
"19/5/2026","11 AM → 02 PM","76873.00","77373.00","76373.00","SAFE","-","-","-","-"
"19/5/2026","02 PM → 05 PM","77016.00","77516.00","76516.00","SAFE","-","-","-","-"
"19/5/2026","05 PM → 08 PM","76672.50","77172.50","76172.50","PE HIT","-","76172.50","-","20/5/2026, 1:00:00 am"
"20/5/2026","08 PM → 11 PM","76366.00","76866.00","75866.00","CE HIT","76866.00","-","20/5/2026, 3:00:00 am","-"
"20/5/2026","11 PM → 02 AM","76821.50","77321.50","76321.50","SAFE","-","-","-","-"
"20/5/2026","02 AM → 05 AM","76977.50","77477.50","76477.50","SAFE","-","-","-","-"
"20/5/2026","05 AM → 08 AM","76796.00","77296.00","76296.00","SAFE","-","-","-","-"
"20/5/2026","08 AM → 11 AM","76654.50","77154.50","76154.50","CE HIT","77154.50","-","20/5/2026, 4:00:00 pm","-"
"20/5/2026","11 AM → 02 PM","77170.50","77670.50","76670.50","SAFE","-","-","-","-"
"20/5/2026","02 PM → 05 PM","77430.50","77930.50","76930.50","SAFE","-","-","-","-"
"20/5/2026","05 PM → 08 PM","77350.50","77850.50","76850.50","SAFE","-","-","-","-"
"21/5/2026","08 PM → 11 PM","77411.00","77911.00","76911.00","SAFE","-","-","-","-"
"21/5/2026","11 PM → 02 AM","77538.50","78038.50","77038.50","SAFE","-","-","-","-"
"21/5/2026","02 AM → 05 AM","77667.00","78167.00","77167.00","SAFE","-","-","-","-"
"21/5/2026","05 AM → 08 AM","77511.00","78011.00","77011.00","CE HIT","78011.00","-","21/5/2026, 11:00:00 am","-"
"21/5/2026","08 AM → 11 AM","77915.50","78415.50","77415.50","SAFE","-","-","-","-"
"21/5/2026","11 AM → 02 PM","77796.50","78296.50","77296.50","SAFE","-","-","-","-"
"21/5/2026","02 PM → 05 PM","77887.00","78387.00","77387.00","PE HIT","-","77387.00","-","21/5/2026, 9:00:00 pm"
"21/5/2026","05 PM → 08 PM","77157.50","77657.50","76657.50","SAFE","-","-","-","-"
"22/5/2026","08 PM → 11 PM","76944.00","77444.00","76444.00","CE HIT","77444.00","-","22/5/2026, 4:00:00 am","-"
"22/5/2026","11 PM → 02 AM","77831.50","78331.50","77331.50","PE HIT","-","77331.50","-","22/5/2026, 5:00:00 am"
"22/5/2026","02 AM → 05 AM","77683.50","78183.50","77183.50","SAFE","-","-","-","-"
"22/5/2026","05 AM → 08 AM","77586.50","78086.50","77086.50","SAFE","-","-","-","-"
"22/5/2026","08 AM → 11 AM","77638.50","78138.50","77138.50","SAFE","-","-","-","-"
"22/5/2026","11 AM → 02 PM","77451.00","77951.00","76951.00","SAFE","-","-","-","-"
"22/5/2026","02 PM → 05 PM","77239.00","77739.00","76739.00","SAFE","-","-","-","-"
"22/5/2026","05 PM → 08 PM","77396.00","77896.00","76896.00","SAFE","-","-","-","-"