Date,EntryTime,ExitTime,Side,Entry,Result
12/4/2026,12/4/2026, 02:30:00,12/4/2026, 04:30:00,buy,73342.44,SL
12/4/2026,12/4/2026, 03:00:00,12/4/2026, 04:30:00,buy,73427.04,SL
12/4/2026,12/4/2026, 04:00:00,12/4/2026, 04:30:00,buy,73376.01,SL
12/4/2026,12/4/2026, 14:00:00,12/4/2026, 20:00:00,sell,71629.21,TP
12/4/2026,12/4/2026, 15:30:00,12/4/2026, 20:00:00,sell,71612.01,TP
13/4/2026,13/4/2026, 01:30:00,13/4/2026, 02:00:00,sell,71057.29,SL
14/4/2026,14/4/2026, 06:30:00,14/4/2026, 20:00:00,buy,74297.5,TP
14/4/2026,14/4/2026, 10:30:00,14/4/2026, 19:30:00,buy,74339.78,TP
14/4/2026,14/4/2026, 11:30:00,14/4/2026, 19:00:00,buy,74386.89,TP
14/4/2026,14/4/2026, 15:30:00,14/4/2026, 19:30:00,buy,74558.33,TP
14/4/2026,14/4/2026, 18:30:00,14/4/2026, 19:00:00,buy,74500.01,TP
14/4/2026,14/4/2026, 21:00:00,14/4/2026, 22:00:00,buy,75317.07,SL
15/4/2026,15/4/2026, 03:00:00,16/4/2026, 01:00:00,sell,74277.15,SL
15/4/2026,15/4/2026, 04:30:00,15/4/2026, 06:30:00,sell,74107.38,SL
16/4/2026,16/4/2026, 12:00:00,16/4/2026, 13:30:00,buy,75045.01,SL
17/4/2026,17/4/2026, 23:00:00,18/4/2026, 13:30:00,buy,77520.59,SL
18/4/2026,18/4/2026, 01:00:00,18/4/2026, 13:30:00,buy,77393.58,SL
18/4/2026,18/4/2026, 02:00:00,18/4/2026, 13:30:00,buy,77337.64,SL
18/4/2026,18/4/2026, 02:30:00,18/4/2026, 13:30:00,buy,77441.94,SL
18/4/2026,18/4/2026, 03:00:00,18/4/2026, 13:30:00,buy,77445.73,SL
18/4/2026,18/4/2026, 03:30:00,18/4/2026, 13:30:00,buy,77393.78,SL
18/4/2026,18/4/2026, 20:30:00,19/4/2026, 12:30:00,sell,76210.47,TP
18/4/2026,18/4/2026, 21:00:00,19/4/2026, 12:30:00,sell,76167.34,TP
19/4/2026,19/4/2026, 02:00:00,19/4/2026, 12:30:00,sell,75754.78,TP
19/4/2026,19/4/2026, 02:30:00,19/4/2026, 12:30:00,sell,75741.2,TP
19/4/2026,19/4/2026, 03:30:00,19/4/2026, 12:30:00,sell,75722.26,TP
19/4/2026,19/4/2026, 05:00:00,19/4/2026, 12:30:00,sell,75691.76,TP
19/4/2026,19/4/2026, 05:30:00,19/4/2026, 18:30:00,sell,75610.54,SL
19/4/2026,19/4/2026, 06:30:00,19/4/2026, 18:30:00,sell,75544.79,SL
19/4/2026,19/4/2026, 07:30:00,19/4/2026, 18:30:00,sell,75487.99,SL
19/4/2026,19/4/2026, 08:00:00,19/4/2026, 18:30:00,sell,75496,SL
19/4/2026,19/4/2026, 09:00:00,19/4/2026, 18:30:00,sell,75515.77,SL
19/4/2026,19/4/2026, 10:30:00,19/4/2026, 18:30:00,sell,75556.22,SL
19/4/2026,19/4/2026, 11:00:00,19/4/2026, 18:30:00,sell,75545.6,SL
19/4/2026,19/4/2026, 21:00:00,19/4/2026, 22:00:00,buy,75846.63,SL
20/4/2026,20/4/2026, 05:30:00,20/4/2026, 07:00:00,sell,74228.92,SL
20/4/2026,20/4/2026, 11:30:00,20/4/2026, 12:00:00,sell,74344.14,SL
20/4/2026,20/4/2026, 18:00:00,20/4/2026, 20:30:00,buy,75289.9,SL
20/4/2026,20/4/2026, 18:30:00,21/4/2026, 01:30:00,buy,75192.79,TP
20/4/2026,20/4/2026, 19:00:00,20/4/2026, 20:30:00,buy,75269.38,SL
20/4/2026,20/4/2026, 19:30:00,20/4/2026, 20:00:00,buy,75570.61,SL
21/4/2026,21/4/2026, 16:30:00,21/4/2026, 18:00:00,buy,76669.07,SL
22/4/2026,22/4/2026, 18:00:00,22/4/2026, 21:00:00,buy,78236.05,TP
22/4/2026,22/4/2026, 22:30:00,23/4/2026, 04:30:00,buy,78832.18,SL
22/4/2026,22/4/2026, 23:00:00,23/4/2026, 04:30:00,buy,78900,SL
22/4/2026,22/4/2026, 23:30:00,23/4/2026, 04:30:00,buy,78905.02,SL
23/4/2026,23/4/2026, 24:30:00,23/4/2026, 01:30:00,buy,79027.6,SL
23/4/2026,23/4/2026, 07:00:00,23/4/2026, 23:00:00,sell,78359.23,TP
23/4/2026,23/4/2026, 10:30:00,23/4/2026, 20:30:00,sell,77905.52,SL
23/4/2026,23/4/2026, 22:00:00,23/4/2026, 22:30:00,buy,78103.72,SL
24/4/2026,24/4/2026, 24:30:00,24/4/2026, 05:30:00,sell,77852.61,SL
26/4/2026,26/4/2026, 15:00:00,26/4/2026, 18:00:00,buy,77999.99,SL
26/4/2026,26/4/2026, 15:30:00,26/4/2026, 18:00:00,buy,78008.05,SL
26/4/2026,26/4/2026, 16:00:00,26/4/2026, 18:00:00,buy,78002.43,SL
26/4/2026,26/4/2026, 19:30:00,26/4/2026, 22:30:00,buy,78065.97,SL
26/4/2026,26/4/2026, 20:00:00,26/4/2026, 22:30:00,buy,78095.66,SL
26/4/2026,26/4/2026, 20:30:00,26/4/2026, 22:30:00,buy,78099.98,SL
26/4/2026,26/4/2026, 21:00:00,27/4/2026, 03:00:00,buy,78049,TP
26/4/2026,26/4/2026, 21:30:00,27/4/2026, 03:00:00,buy,78050.07,TP
27/4/2026,27/4/2026, 03:00:00,27/4/2026, 04:00:00,buy,78417.41,SL
27/4/2026,27/4/2026, 04:00:00,27/4/2026, 06:00:00,buy,78313.52,TP
27/4/2026,27/4/2026, 15:30:00,27/4/2026, 20:30:00,sell,77809.43,TP
27/4/2026,27/4/2026, 16:00:00,27/4/2026, 20:30:00,sell,77850.01,TP
27/4/2026,27/4/2026, 16:30:00,27/4/2026, 20:30:00,sell,77860,TP
27/4/2026,27/4/2026, 17:00:00,27/4/2026, 20:00:00,sell,77844.26,SL
27/4/2026,27/4/2026, 17:30:00,27/4/2026, 20:00:00,sell,77743.36,SL
27/4/2026,27/4/2026, 19:00:00,27/4/2026, 20:00:00,sell,77746.74,SL
27/4/2026,27/4/2026, 20:30:00,28/4/2026, 05:00:00,sell,76855.08,SL
28/4/2026,28/4/2026, 03:00:00,28/4/2026, 04:30:00,sell,76786.81,SL
28/4/2026,28/4/2026, 22:30:00,29/4/2026, 06:00:00,sell,76096.13,SL
29/4/2026,29/4/2026, 12:00:00,29/4/2026, 15:30:00,buy,77031.06,TP
29/4/2026,29/4/2026, 13:30:00,29/4/2026, 19:00:00,buy,77106.01,SL
29/4/2026,29/4/2026, 14:00:00,29/4/2026, 15:30:00,buy,77046.32,TP
29/4/2026,29/4/2026, 14:30:00,29/4/2026, 19:00:00,buy,77127.74,SL
29/4/2026,29/4/2026, 23:30:00,30/4/2026, 01:30:00,sell,75150.37,SL
30/4/2026,30/4/2026, 02:00:00,30/4/2026, 06:00:00,sell,75676.79,SL
30/4/2026,30/4/2026, 04:30:00,30/4/2026, 06:00:00,sell,75771.21,SL
30/4/2026,30/4/2026, 05:00:00,30/4/2026, 06:00:00,sell,75780,SL